-1,60144940574764;0,91595824656771;-0,753017190871593;0,119326354921147;1,40660401650841;-0,450607991443687;-0,197385778091927;1,59864166953377;1,41546588908068;0,68076296315582;-1,50669495834935;1,47163767272262;-0,34109197194912;1,22876978151861;-1,4131930909142;0,707799121783138;-0,62499377836816;1,14509494173994;-0,333964624333476;1,5186452418517;0,587207017703952;1,57092025532883;0,435974424452722;-0,726491003380634;1,25444370592207;-0,725075276410575;-1,2873770725923;0,00478124942135092;-0,38608732727461;0,0937791081617894;-1,41518076574376;-0,21717268165867;0,534036977265571;-1,18294584739964;0,729356230613814;1,06455676387416;1,69581964221938;0,343136455927646;-0,811916155747105;-1,1471895445888;-1,40741769371639;-1,21831387458266;0,285154681669507;-0,232732771402837;-0,434999386198046;-1,39362103868346;0,40677790033001;1,14367554827024;-0,0696576321140436;-0,641952129893123;0,295717580205677;-1,63213552971646;1,17093486940082;0,392543383073846;-1,56201826604416;-1,34937152176936;-1,19801760308315;1,79647195181616;0,68788078830619;0,453677867720852;-0,841232344049517;1,62083111179384;0,306727571610242;-0,356314644279246;0,417942303701443;0,533475862616436;-0,740400729741084;-0,836147549747609;-1,17858787429334;-0,654751715481242;0,834977618870878
0,607406591878139;0,0583725933950017;-1,03213451861845;0,982284721704449;-0,086060998704599;-0,581605430655755;-1,16992041724801;1,2525264918325;0,71723605228857;0,45131007953182;-0,787370944895257;-1,73650693150267;-1,56353206855794;1,33790813362965;-1,60062962640277;0,206992371168123;-1,67257571559768;-1,4460636254126;0,174419526341825;0,349702323689424;1,43447625334976;1,20175435818444;0,323799057431617;1,2387347343835;-1,35674894542486;0,0764370370582975;-1,19588951133285;0,910074272022332;0,607077648589739;0,907647598525635;-0,622450004908656;0,40661098454205;-1,24963872093203;0,122307628311848;0,997335679016683;-0,291681497743075;0,133406907795661;0,71477307875002;-0,0803967963787766;0,617889014681735;1,35050765526454;-1,55485536066921;1,26140194843459;1,30403448082929;1,30812391509383;1,26671880409377;-0,159146926933157;-0,354825568208525;-0,0160151655629291;-1,71348530942114;-1,04845496707494;-1,36625386439953;0,024692378130336;0,348844762013002;0,684406614008938;0,936092279613084;1,26501358188277;-0,740429207082562;0,531555315145633;1,36794201015649;-1,19319427130658;-0,54955464335096;-1,16202950874091;1,34002849968232;-0,733718267543201;0,336458116482076;1,04357183534874;-0,155399650950409;-1,46690589737071;0,221491917259685;-1,73389288861121
-0,60848454124977;0,385231840121863;1,2821867002611;0,740106311107666;1,37447226556187;1,65550258583981;0,760113177640695;1,64602764319665;-0,838140424070039;-1,3038995202759;0,895475241827543;-0,63229463359657;0,724009214059375;0,369524869033292;-0,809590672080075;-1,16157036475391;0,158787867631242;1,16680434171913;-1,47346801698055;0,199432434472435;-0,683117672974709;-1,35483234763459;0,304822768500116;0,228475072073102;0,315018542005783;1,33144411384283;1,63704311891665;0,448940114596047;-0,587965793416423;-1,31599608880798;1,70987279094985;-0,451394703852654;1,48251148160964;-1,51318607491892;1,52721430027949;0,224397845719943;0,680316104354614;1,53767614496584;1,22968700894684;1,19345318832173;-0,837791920818358;-0,427703436989987;0,0470797093458601;1,32633183783621;-0,117522967892351;-1,21028378653412;0,084254777351958;-0,374242010464604;-1,21211042656083;0,180752671974302;-0,451847031058181;0,620535931377286;-1,2613518241986;-1,29206945983293;0,935171387825974;-0,78668724936552;-1,45262598412859;-0,479323427562339;-1,10794728664846;-1,4900069040313;-1,51457558882718;-1,22186199270569;0,700958380862735;-1,05517939101239;-1,30025481511715;-0,186165110070143;-0,401288619097614;0,704160233227957;0,5558280648624;0,679528978308576;-0,12836897299993
0,151248892393828;1,63638169714412;-1,30231630537763;-0,785915476022307;1,4191068264938;0,125266198871256;0,554556888543745;-1,56597512661373;-0,235111889942291;-0,54896672820984;0,313327261479933;-0,0819179201025205;0,839835017883493;0,732140109745748;-0,727105704200545;-1,0423900863654;1,17471846035841;-1,05566372159829;0,654834599699639;-0,0638918153097003;-0,647768044726749;1,02918790426198;1,11277759483188;1,09961330756835;-1,52301024628461;0,433633344814873;-0,712522754436253;1,00770460337862;-1,87897557222883;0,794382133020418;1,00777281427783;0,657747215844277;-0,427398732149955;-1,60759071206548;0,819795081874755;0,544863133820549;1,35982152672419;0,808755367666208;1,11720901201132;0,467905379764009;-0,712907532424092;-1,15777350301942;0,465736518503811;0,348431134665985;-0,541588998043012;0,183988030651502;1,43216779849699;-0,441966090022901;0,740708295062608;-1,3505248211701;-0,146618531630312;-0,332505184797298;1,45338639721097;-1,35207384546293;-1,67992302296216;0,829406753538927;-1,4328351952637;-0,6945838475389;-1,21934452731363;-0,97096581589701;-1,11865034426842;1,25419805057221;-1,64343885196084;0,677851742444376;0,150606222919414;1,36292581104274;-1,6109584855285;0,490986432373043;1,61969079327808;0,435376927385989;-0,694865847682506
-1,24695659204224;-0,267588233937808;-1,40282150068822;-1,00053410914396;-1,12155490235196;-1,07502546926956;-0,900128440356143;-0,136747443555166;0,137996913229513;0,754777678736428;1,38854708713747;-1,33311597947143;1,16402734885322;-0,746335244576962;-0,398728815155158;0,931416057816483;-0,760548088932481;-1,50258830170444;1,61572291051798;0,156202271215563;0,222982575999341;0,200081316800481;0,252381888690271;-0,184322152823708;-0,0884496293884107;-1,14274513223447;1,4394255585696;-1,39333583195638;-0,033958794176943;-0,0028994349846787;-0,746177927873803;-0,170764945241432;-1,29974190096225;1,05328127794154;-0,308553496905009;-1,44975271845601;1,2402579990387;1,585218698854;1,42081762572023;0,369232194055736;1,41450309253868;1,29383555045558;0,562240352236549;0,161695344625544;-0,600646580074314;0,997141307219537;-0,833001909901647;-0,0914001463682878;-0,898020691216716;-1,17273354485481;1,11985057551095;0,50217003944035;1,55614709166713;-1,20503355321274;0,933860024696325;0,177052816674759;1,1041206028894;0,405591377652972;0,712006245761937;-1,54436978134526;-0,89036030232168;-1,07235261962753;1,52130207613926;-1,42466366301358;-0,0646044046175364;-0,00624797884887012;1,59071664700831;-1,45481394031609;1,18630897784553;-0,514536107926911;1,31524878429526
-0,793349559530653;-1,35868566249945;-0,399317844311611;0,270954656379455;0,454410083800786;1,14800967252365;-1,53050474246325;-1,21180256453495;0,439986022969712;1,19930909024021;-0,121038857844063;1,01768963620133;-0,504739586270107;0,403618393804646;0,280695526262973;-0,187675689535979;1,40976397402017;-1,50238204891063;1,02719167672167;-0,997023667829904;-0,802370568829277;-0,764645718161782;1,28277262112954;-0,386495116953081;0,814628830717054;1,27983338968069;0,325325518991648;-1,39777993961374;0,920716537296054;0,921522264229005;-1,01069160648282;0,251959727593391;1,12713833384522;-0,932536076542722;0,18304450927632;0,143855947658578;0,2160167057678;-0,0349116138388928;-1,24674430412213;0,440682920059367;0,90480474956836;-0,0975487997894016;-1,44944879675131;-1,29537481188196;0,665052979835208;-0,651791608456149;0,287335590190094;-0,382527597137151;1,07148686061406;-1,52474333568089;-1,55923184823535;1,49396473384542;-1,57245381072053;-1,21285754503976;0,383301974522861;1,47375130359387;-1,13900313866625;1,48963241760421;0,958780970625142;0,677031839082839;-0,796575615893883;1,36973034211323;-0,630063956868265;1,02091890370345;0,590740927297147;1,12945655952529;1,39300644731886;-1,19146327915327;-1,39868588489756;-1,48242019082149;1,09876274965896
-0,127566049065856;1,68929268417674;-1,22448891862476;-0,414895138978792;1,11513832289165;-1,09884750980987;1,32125618893061;0,671947063850542;-0,0997714247171439;-0,705547088575658;-1,06938457509617;-1,14020415415385;1,15165278104209;1,19676645480577;-1,18543964271873;0,357821205662306;1,01684698008474;0,334127324724583;0,366250507846483;-0,334402546064211;0,388096608811414;0,745898925296897;-0,442949080819686;-0,39268991484692;1,42177753656312;-1,2935044200865;-1,14161134281714;-0,394810936870234;1,42244478192591;-0,597641267455129;-0,0839491129599408;-0,675303865760936;1,29027173701418;-1,33735532927897;0,246173749432976;-1,6582662360327;1,32619609044287;0,976244134850093;1,48644785859857;1,10403682103703;-0,665505283752444;-0,646458253133619;-0,553282760358162;-0,30764344135944;-1,82739508850685;1,01243217229247;0,154632504438643;-1,77039491823478;0,061950658996022;-0,79271506347477;-1,11486706384642;0,254568171471817;-0,0424303331694505;0,551192162351437;-0,862223796056235;1,14258805335922;0,158067767676374;1,18425402394413;0,17938035218006;0,434468745658097;-1,93141016431278;-0,258106871519206;1,2655553096466;-1,47630415458206;1,39445505210625;1,62197231838673;-0,414422863446065;0,514834113001012;-1,02358129194726;-1,50134740400608;1,0476781429414
-1,59053256177082;0,73915893755794;1,084397414443;-1,34859417550056;-0,762734847555132;-0,542344450328195;1,58616421624868;-0,429475788957338;-1,28343100227866;0,492792787188818;-1,10067524893731;1,31844454622415;0,220513931325306;-1,19358443663293;1,41692251002812;1,17177241697013;-1,00881691520767;1,30314542524213;0,952286521830472;0,186145488923753;-1,50613374340486;-0,960692222564548;-0,748223326975214;0,903677512699943;1,35955591768961;0,106460233534477;-0,855623787952546;0,281284784052615;-1,17390137014699;-0,436013656096151;1,39886305278285;1,07687915498827;-0,322379170536916;0,16610815042858;-0,942502858567293;1,19151826957885;0,598929136792702;0,203110665121891;-1,55989049656938;-0,110604049765933;0,26414410754187;-0,188771845671551;-0,171710279706446;1,58771185788644;1,21079387853186;0,18525910324737;-0,771051035329146;1,68273113624214;1,46309202767376;-1,42547307396001;-0,940864280500908;0,844290285186511;-0,0860965197662876;0,282144323953289;0,774140978014803;1,06901110658934;-0,13696575503726;-1,44362811782735;-1,00929864739456;0,829656364706002;-1,31106868194606;-0,319468587374354;-0,879922438380763;0,851434099613105;0,792781180201581;-0,478702958129965;0,0164756971906555;-1,56994223867369;1,44776986772997;-1,39894377912114;-1,05150473939298
0,645667368761012;1,44647145086014;-0,471103312370243;1,85356625315614;0,53335522340692;1,09620314385092;-0,551662955633198;1,60950240030511;-0,352429673198849;-0,668575517880288;-0,7672872015744;0,677752554285146;-1,33534718334887;-1,06554604416479;-1,01258036172892;-0,364489328133668;1,29269442463147;1,28895616617368;-0,206078670737297;-0,188184323229205;0,572470256574788;-0,311830971287343;-0,608771898360047;-0,324554842481988;-0,981646064257885;-0,867093115034067;0,846765520049401;-0,756543113140373;0,196378544152019;-1,42353603457098;-0,752324229341224;-1,35304117207893;1,44540609504544;1,53828945735947;0,415725507125538;1,51652750545689;-1,09695945041891;0,510616108498737;-1,18506436178882;-1,4338068035183;-1,07058741026744;-1,08367030355612;1,34092398293504;0,0760032177971962;1,43432602301573;1,04557170340741;-1,07832537853312;0,496172112398567;0,38072738734545;1,91819183235873;0,788488870308475;-0,897678076602849;0,271941454281792;0,761615665341592;0,371064718704834;-0,645831398329791;0,451913610842047;1,79010450879873;1,23188257903588;-0,202881399937158;-1,35389211457662;-1,39844958087097;-0,190205882225057;-0,532223377006016;-1,51958102691721;-1,01757576787361;1,16899943792669;-0,936983662021363;0,455381427396649;-0,592454888498829;-0,870859616092902
-0,94651649280152;0,705769955220657;-0,511311822415536;-0,848543135195634;-0,0929405311708972;0,132730446645293;1,07802276053826;0,0290919158738446;-0,232955702452466;-1,50398304814773;-1,36788825232499;0,636132968977264;0,0652907028009118;-0,41343132755464;-1,56831740519917;0,159851846321364;-1,04250070645594;-0,570397137194831;-0,67358832633023;-0,670602986922834;-1,07264880766141;1,04238669100212;0,78758556384173;1,66870646110765;-1,39008671433949;0,874224718043078;0,118980060411961;-0,152077526870436;0,684169637397848;1,62621327486444;1,60871916101744;-1,67042981468698;-0,759891630210451;1,01341717685314;-0,138253268666351;0,0198262950692702;-1,07789850995029;-0,262469976707761;-1,39946978914677;0,838809696160891;0,965533429480952;-0,135721919356273;-0,418812617863169;-0,548921234136598;1,64796321526176;-0,399571133853963;1,35119599927269;1,49591674538702;1,68658687470138;0,448656876362295;0,329323100919249;1,2576090468941;-0,736481501422593;1,69426860022073;-1,63257760856541;-0,24215507528449;1,66493249989808;-0,433270175004039;-1,16872086793362;0,779582859305176;-1,69651406084415;-0,480164159668786;1,09167038699515;-0,112420868797756;-1,36595410064602;-1,40772288471549;-0,314239847889763;0,798621634466921;1,47157004963086;0,158604408250707;-0,47251409080582
0,973503301721831;-0,836494822945612;0,256160996614178;0,134961175705757;0,819825969108772;-0,217336652334389;-0,339471015891651;-1,62824082963946;0,76733668353129;1,27034529007816;0,388843257372706;-0,0634118171474846;-1,41787744965291;-0,378274879316621;-1,30465165086312;0,822743436760371;-0,666280351874764;0,943151980423472;-1,54678832040686;0,126175408278822;1,10612782901404;-0,760899945056476;-0,396816779477294;0,834751439578115;-0,232520344266123;0,535319636562165;1,43742527305851;-0,848287604420043;1,3444382132745;1,65395053810041;-1,10732056929604;-1,62471130682955;-0,151923594324598;-0,746285964100669;1,11321347475886;0,446363448085067;0,786616846746252;-0,0973913497693013;-0,654760242967976;-1,64179021588301;0,348306590535281;-0,418080288692844;-0,147930537137288;1,25739387527529;-0,286402285931508;1,35724848658424;0,86521175358782;-1,35377936338257;1,73087093159597;-0,437436026536803;-1,26345242331884;1,60323536733284;1,36622840023471;-1,5927646323912;0,195201963186079;0,0858447323678905;1,29785315419719;1,15894075470157;-1,28107699443854;-1,36405218186381;0,082769272272613;-1,13974192588202;-1,23514784524845;0,850917343096386;0,729107344963789;0,364996049791841;-1,5600467372333;1,06593971211327;0,246042843590031;-0,0134839012826744;-1,6124319243963
1,27350310044322;-0,112137730557772;-1,8200960510168;1,66757045935002;-0,195897578512612;1,22340863074642;0,0401067276973721;-0,653942273504994;0,113340604180229;1,54510727459382;1,24396027991755;-1,01103544655738;0,0969229504134851;1,38737634085676;-1,1603599135565;-1,47899754931022;-0,290638758128766;0,850069032131104;-0,760522712321862;0,952346066114178;1,49688634682175;-0,582878877612919;-1,12199599052342;-0,0398400749252162;-0,236990577036802;-0,99951611963189;0,784883234231415;-1,32769668197353;1,1797366925274;1,38725390418848;1,69189380943754;0,101915606242728;0,0542846225910922;-0,592754200904475;-0,843907018301748;-0,0485321645061154;1,39008339215442;-1,61221595175016;-1,56490927976751;0,739574547765271;-0,547823337496863;-0,0116391031582466;0,296226316986509;-1,22983617342535;0,715527841329975;1,5812203379583;0,364839415187805;1,44506132670724;0,00630125721999743;-0,0888495444406867;0,383174992558825;-1,62133995097774;-0,942506843418962;0,897756680909204;-1,46388241756118;-0,071677452294766;-0,918201170385251;0,139751900129854;-0,023498393964082;-1,12444088923162;-1,4895340338359;-0,560256020679998;0,086328910189044;0,646094576213189;1,77322134137772;-0,786014756676083;0,854687807072963;-1,23838227903294;0,303223928807604;0,80818012717105;-0,949073065243205
-0,596041205639722;0,427310859271704;0,364595497424458;-0,428890556335495;-0,421069842451794;0,945803529762807;-1,73201980984695;1,06161354420619;0,0668618842198894;0,491640890487475;1,15070500487403;0,520053618122811;-0,645637281596029;-0,89319886996881;1,26801931721239;-0,855439952165647;0,979153819042016;-1,01763204088631;1,0458321408375;-1,01899776691074;-0,6627225311171;0,281652684281769;1,35633894232196;0,253348926066339;-1,8213150009833;1,67689693551401;1,44113475047204;-1,04207718146098;-0,427605336029631;-1,15296416295745;-0,33244034000916;-0,76426592027;1,01808232797636;-1,0278381243017;-0,906696623132569;-0,204604031047888;0,493454802411196;-0,592232406184707;0,79114664246746;0,727286228781868;-0,988721148164567;0,809360285215906;1,65132032759196;0,196131019882628;-0,804636443046748;0,695758496864773;-1,13492910092113;-0,363463392992573;-1,46976451152705;-1,74158315229579;1,56095334527398;1,59876224897264;0,97814083528953;-0,0859630019764676;1,51462727599567;0,890894710324107;0,839560517195342;-1,72170460942706;-0,440526736137375;-0,329378177720205;1,27325737953636;1,07864597185963;-0,343732300549362;-0,613125133607844;-1,00886995028855;0,0820197443588466;1,27055989039205;-1,45075033807951;-1,81945342762142;-0,3603278325249;0,419693845668755
-0,166808226050937;0,0668220342823064;-1,48900620309493;1,94378257527952;0,422157498486138;0,530242410159061;-0,600749498880676;-0,708631127365418;-0,680684220928075;1,14230275304367;0,0793143829320147;-1,37382267923477;-0,43846685167443;-0,888425582365692;-0,0623793002066074;0,136868334468743;-0,660021271500477;-0,707481827693122;0,078628719657059;0,873765466764538;0,512604462113971;1,81563117058981;-0,642629471107285;1,39953901939632;-0,206081945784559;-0,608258743001837;0,564619003853441;-0,553476692862188;1,03999354378092;1,36911272462347;-1,4918817169169;-0,28859278882646;0,80487984874962;-0,30519070635988;0,0982266062783987;-0,0955016366476182;0,805347375480235;0,0504678537393095;-0,539629814415424;-1,30597733775351;-0,229161500152792;0,976584739782282;-1,50018009514252;0,595056953696634;-0,451518914501806;0,796232986575642;-1,64024445608528;-1,47459223689069;1,08263033981448;-1,7662578199803;0,284969916874132;1,26138983164802;0,0861646668983829;0,830931201803406;-1,78562609375113;-0,00670407875144511;-1,1157354192927;-0,912809904601944;0,324677596381792;-0,794770683194314;1,94135872419493;1,92846251187082;0,227110646742963;-0,0740616276622398;0,808997545278282;-1,45727975292381;-0,202967210095088;1,84245917257476;0,989083129245215;-1,79206458824128;1,30725627687781
1,06804897204285;1,58952081539673;-0,571243221157176;-0,841935570271729;1,30494287463888;1,28463636702058;0,561414719511107;-0,122985049156518;0,787605673524136;-0,910109798666892;0,0578294391842087;0,178534293094396;0,794951574877827;-0,859987063417429;-0,895055821896661;1,39068560841516;1,7257906171587;-0,47915166263531;-1,80100554411559;-0,921403351381153;-0,250701984472175;1,48731151204436;-1,65665422776918;-1,36984961474701;-0,322641197054163;-1,1816022049651;0,380332367281123;1,54522989729344;-0,935311786201383;-0,941616533650839;-1,59603679614899;-0,616755182757815;0,860725534770337;-1,20280748188718;0,808784724165865;1,22564806213322;-1,39564335622569;-0,409233690208674;-1,41794270566114;0,311899920838577;-0,0306526014246911;0,848757681409012;1,12738692551615;1,74931759600222;-0,241882805363514;-0,37498086177439;1,02627962090235;-1,26087626810997;-0,377191584636618;-1,18814607098065;-0,317862322796539;0,200056268637891;0,701819580234352;0,802216155882368;-0,542721004219724;1,33156331120099;1,34433157893637;-1,10323707063971;1,23153147798493;0,584701615374444;-0,997539464490082;0,767010673420165;-1,08951672718468;-0,172621257054564;-1,21591646674744;-1,22725884228752;1,06863460952656;0,0959155925354689;0,0820540636192036;-0,369878032827384;0,88448550041131
0,174229595537353;-0,998371033580253;-0,409270969982929;0,788739008843557;0,584153320240008;-1,56580147653638;-1,67679167103492;0,556209360310459;-1,86730978897882;-0,50237098975167;-0,30983031559231;-0,0341730749879501;-1,670776115636;1,05046079760835;-0,0987174760931694;0,369367033668278;-1,86126196291494;1,01484630652845;1,149441559593;1,54555337800005;1,37526265457754;0,0535417819412932;-0,301188131476237;-0,635045173715513;0,879987459403007;-0,0186333367669438;-0,644290054807656;0,988037830502884;-0,952706367013312;0,24679661400277;-1,00663156518827;0,345492630510582;1,65472313185116;-0,369792722440586;1,12173537219045;-0,77848497822704;-0,875734503651942;1,60517630678978;0,491395246139424;0,89809859523563;1,02160480916412;-0,0301033748279704;1,10155129088706;-0,897438680831607;0,93954575849571;-1,18692921257006;-1,37017624867238;0,387875871475291;0,514370145568554;0,0351673388240365;0,935824766588083;0,686722031625908;0,538539096282102;-0,300576504421037;1,09929670267158;-1,79792762421249;0,964709295938686;-1,69284123407597;1,57064374748325;-1,3158287808016;0,740380776313976;-1,0029373034951;-0,409699710484778;-0,452214204938892;-1,41435486237194;1,00656925193981;-0,0270040087964055;0,360908804847289;1,5906176234606;-1,23884793567468;-0,67351390048833
-1,46493545716331;-1,06614422187797;-1,33121304462637;-1,06565958367627;-0,207043864297273;0,890930001689812;-0,995228012039247;0,377970924096191;0,437392859825172;-0,259474610020962;0,906363720369256;-1,11463973126069;0,949510127630368;1,24062472561314;0,262280578414201;1,72377566358893;0,328663289910225;0,48074317046727;1,26807914816465;0,213729249500343;-0,780085247945353;-1,54241469450211;0,184418307803552;-1,42241616368905;0,396114504952201;-1,20627751113934;-0,0624834030900311;-1,07251004732927;1,84653849718797;0,781909498780387;0,225525211869202;0,740200588997367;0,131809463537993;-0,885705836615899;1,09342517063631;0,451975338775613;0,572694629864302;-0,510267014348116;-0,00522340711189351;-0,437590093625356;0,651855029408249;0,177736852203716;-0,19050655184346;1,18244175349273;-1,46826197833384;-1,14547801311435;0,856145070441018;0,523615802483174;0,564709294139369;1,46151046807041;1,84978750151834;-1,41229668753517;-1,00173567640042;0,784227290794061;-1,15913107933029;-1,49857467986695;0,661265603363688;-1,48485079814307;0,450054044416737;-0,576820270363684;-0,622640512425903;-1,49877188191572;0,443260559953429;1,56731149408999;1,42682831115504;-1,40989078583386;0,665378938246528;0,25916204704052;-1,42885436222891;1,7221333726838;-0,424972883481114
-1,04229901758917;-1,3970502155894;-0,171170759352344;1,17972296585235;0,657394810672145;0,261313046093212;0,616989878341696;-1,83939982863523;-0,336078396894814;-0,452799564784346;1,03100017634408;-0,0254430195597494;-1,49849993487941;0,546781565345975;-0,23936169279156;-0,134720073062827;0,964345705322176;-1,61066789771565;0,719648385786319;1,40971734507223;0,182487390687035;0,65488319688383;-1,31098628286388;-1,69949026751398;0,276040255251548;1,35319912571593;-0,146652457392594;1,37444331810466;1,56140069828262;-0,199959961305321;-1,28547156266838;0,0768800075009597;0,456782012226339;0,0105590253389457;0,7145338794811;1,29622641935609;0,48298712850527;0,927100805781268;-0,503770922866889;-0,448851761813352;1,36624950592596;-1,83989081276513;-1,39850869841438;1,19168318744375;-0,338168837632275;-0,162293896875542;-0,242915048311149;-1,15845321981008;-0,513504576524163;0,0363143624465257;1,02302784449045;-0,315777906121467;-0,837113707733812;-1,86578307531137;0,709012601129079;-0,0771147215514655;1,53400356019601;-0,357158306507885;-0,981795104068718;0,924263177877743;-1,47751231118372;0,862614053158564;-1,78073303399632;1,48394905733204;-1,05280581678549;-0,931357645826404;1,13784246113544;0,111008532703176;1,45231517878641;0,0844793807738858;1,00236029135344
-1,79959632528453;0,607537202866158;-0,646433592389303;-1,79325287445477;0,223980360726755;0,255594652645162;-0,815265323906936;0,348185654765383;-1,39073972157739;-0,21053854555037;-0,806167561862395;0,0869467225865755;-0,282941883471239;0,489198198376539;0,747397551595374;-0,905868705365747;0,529980556726214;1,02389037081805;-1,03058311132488;1,49348810096711;-0,981147104989621;0,108300409583931;0,280181050160859;-0,788981274300875;-1,32417381928681;1,67556654176762;-1,20240845354962;0,450392479891871;-1,2328862055842;0,410555614871121;1,37509241034168;-0,925457657407732;1,12630564803518;0,751115919825199;1,08930207309565;0,890868405817088;1,61340739664552;1,71163646779537;-1,25437096325455;1,48609600654503;0,625842160517207;1,10803819548643;-1,36320216389209;-0,600433014487492;1,1203410321853;-0,960761282260248;0,288022566831104;-0,729645202243805;-0,000292872688879269;-1,79665896807085;-1,12323673343755;0,909566670335621;0,757889618525642;0,412926034182212;0,249785059216024;-0,172026785930697;-1,51020634353375;-1,69501481432748;1,2667908937698;0,284283767896896;-0,379559390044266;0,470212145138952;-0,256490635889463;-0,0654253875107476;0,150238993045714;-1,71827240069371;0,696511023489158;0,701812145641321;1,13576607421864;1,59239909471604;-0,78340615307351
0,815160596106641;0,689624598756209;-0,661236130498575;-0,870369219354472;-0,188472459103878;-0,202566628510326;-0,856027823624972;0,0104372933343867;1,72005261060418;-0,295416100656306;1,59912210108838;-1,3314842351216;-1,20642132913254;-0,13368062024063;-1,31507231111559;0,260342159184754;-1,04097172158283;-1,27547557408146;-0,43499688324391;0,825443454470733;1,82887531648513;-1,33794242243928;0,420357055099673;0,233325373113507;-1,65778473071903;-0,320868454175068;0,686743004139597;1,29178393955012;1,30931570240879;0,28917836250304;1,66434084529062;0,0589983225799005;0,360597495630575;1,00139689411559;0,26686307963444;-1,31137630463719;-0,128254609170461;-0,300615343139665;-1,16292904310209;-1,61531487512596;1,51010338375926;0,439259331708099;2,00509288304221;-1,01783342013909;0,305331319576368;0,223852149397624;-0,704868402136305;-1,56631083109019;-0,146416780198636;0,163633995827751;0,183602643669283;0,423968985563541;0,0633981767652708;-0,692053563531802;-0,371034386112085;0,323207687729824;-1,56062778715956;1,22738755144349;-1,04247981945153;-1,6974993357449;1,23263942240565;-0,0258627081195266;0,823070645981166;-0,399021082714951;0,162192109108646;-0,289771552307614;0,429867324303396;-0,0858691681925701;1,7214053551805;2,11825304857717;-1,44129856246088
1,07620905186396;1,62237416781581;-0,690813576946948;1,12466234983871;-0,508734141557762;-1,18799951975023;-0,466476613545891;1,65764257453587;0,0833485542973938;-1,3835729188871;0,242416283391475;-0,466467701302774;-0,72094552032756;-1,62578893700074;-0,638569529123492;1,71645670333132;-0,801877819398289;-0,523684028359815;1,67126720422269;-1,50079776260062;0,540939285197528;-1,07224756709266;-1,25258378245647;-0,757302267700369;-0,381416413844991;1,38638653171904;0,373831510531473;0,693717516091292;-1,19992327817532;1,54106083233031;1,18178407456371;-1,13987448112561;-0,24987214248352;-0,321418823371237;0,678089240613541;0,341031566225309;-1,09737960760847;-0,132143879503175;-1,65739499292851;-0,37417157825368;0,703376255223604;1,00469962245551;0,604315512319974;1,50140073411033;-1,01342443480246;-1,39937826576317;-0,406368253191454;-0,564687310639237;-1,06367756883957;-0,373971754780779;-0,667504398322975;-1,39436474399192;1,4208473070296;1,50023192072096;-0,200228815914476;0,430821759258936;1,1573230905746;-1,65114616894426;-0,211556096013977;-0,174836303206842;0,158453339788249;0,560090240432774;1,13993099301351;0,262572092037044;-0,845072623380847;-0,335344095180598;1,5036888112507;1,32075767311363;-0,583593807544325;0,740683274721155;1,09620145124211
1,06859950947763;-0,500346029514123;0,374829108165104;-0,404322321013357;1,26631528879862;0,102135819887841;-0,932090005056134;-1,34275083669787;-0,611454568280261;0,132275631112535;-0,687712596176817;0,0983335601455811;0,918644947971787;0,531415546505855;0,884262098768924;-0,746575499933288;0,0315432160965106;1,5951514059598;-1,35125052340914;0,927917661635182;-1,05703949984218;-1,51237619231434;0,288362251859411;1,20021160326325;-1,45106320053561;1,58167298439147;-1,26056228155125;0,66379470783211;1,06058773075759;-1,07519559841651;0,0536001213806869;-1,57045613727844;-0,0205383199558592;0,300251180976626;0,0623075438333627;0,933533773838541;-0,53938317909389;0,315970202961678;0,313133493892743;-1,21702367251975;0,514576840538333;1,52945194924235;-1,12005714608785;1,47154763634109;-0,688623974293674;-1,08913551939264;-1,35285293201641;1,49227968822867;0,0761957341057426;-1,10376134742496;-0,116577036092688;1,444304995012;-0,737383293647089;1,55472048557052;0,580855163876799;0,992371060423891;0,922774423662695;0,88610020993808;-0,541863761845834;1,39612500944337;-0,225906539928987;0,115597992147984;-0,691855862419233;-1,12486361123184;-1,50992913163624;-0,705861100266464;-1,46973276126664;-0,970210874372922;-1,11949663869559;1,66221102996661;1,50429038419683
1,48055557442416;-0,356477443192089;1,63971331161518;-1,27696049901828;-0,958798879514392;1,3662290732045;0,528197229894186;0,28652947487407;1,39843291153937;1,3945824540063;-1,13507017435993;-1,09230997870135;0,578473986377184;0,766156716619195;0,308301741108357;0,899189702050955;0,112741424206509;1,48460657382165;0,796414721612144;-1,70355103124757;0,271449112593268;-0,805958775282699;0,63436643777061;0,731720004082104;-1,29217898775477;0,638829611722636;-1,70985893306986;1,44433334967918;-1,69668693534529;-1,31165683229912;1,37648317581025;1,05258479862583;0,101343440771726;-0,981644969230197;0,146253582651287;0,140358957789789;-0,67073391311143;1,17784243784306;-0,172263659757517;1,43566337229305;-1,29694920708826;-1,09414283412849;-0,222273632298676;-1,66175427189184;-0,850867537933165;-0,531756632658695;0,438747997842424;-0,207766097893849;-0,157941091861395;0,10319180316305;0,0802128173148834;-0,762340073833241;-0,232337056074985;1,71833401086948;-0,424004813946427;0,571562304628586;0,791101271649455;-0,806958737545198;-1,69973355634179;0,184316661375127;1,36113596119609;0,865809032827159;0,268264365141092;0,995137698760217;-1,69685276688222;-0,405709820373606;0,588291733139075;-0,154833089470891;-1,09504891111036;-1,5470092617597;-0,145028429915888
0,668571297943297;-0,104711968639156;1,0935209413337;1,32567460435461;-0,395372805339308;1,14896666580363;0,533183427698073;-0,178837196150094;0,972604100290168;-1,55841249560029;0,23250580933391;-0,159192028809285;-0,0646488490305095;0,342495344375676;0,376219405995009;-0,475871893329901;0,117851634017181;1,17495644347802;1,30700736131872;1,08205164236077;-1,62213392176542;1,1134061464129;1,37559007206623;-1,68370054925486;-0,426759120408026;0,371895340375167;0,516583847118595;-1,72304588415559;1,28720044153132;0,613740422885806;-1,16574716024997;-0,872668021697176;-0,371946346935297;-1,51037592038952;1,0961327221538;1,02864913670814;0,359295746926344;-1,41580636494433;1,65692803201767;1,10604528158742;-1,54858238449799;1,05825028291223;-0,984073333030524;-0,0624848126968888;-0,679078433078509;-0,781657531926182;-1,47247870739493;-1,15429038939361;-0,384813955957917;-1,73380116173033;-1,3356302147506;0,355199918891524;-0,71507375611003;-0,941120324663263;-0,32741033385673;1,28657966766842;0,251112475432638;1,01915151304486;-0,00563625278106424;0,964146370423551;-1,12568715885866;0,498159334309969;0,265376878456609;-1,39920630013934;1,3387491807877;-0,652896146512612;-1,54531565941769;-0,312342906184687;0,977777138359904;1,07898478542489;0,89624687588178
-0,285440892038331;1,2400695231363;-1,66484499519728;0,849981834267091;-1,03539282305951;0,298141343341467;-0,384373992992172;0,6991011957502;-1,50551351933092;0,0361650995906284;-0,143415514481248;0,353799062745907;1,25403097170378;0,144841598699999;0,164680130749187;1,57581558778311;-1,28372804601211;0,514507162534143;1,541811490646;-1,06806268943422;1,05595087994194;0,279339597008774;-1,15578817327247;0,437099587751239;-0,379542503168566;-1,05218842572074;-1,44316786948328;0,288588907818405;1,71183327977908;-1,08242763658476;0,538137083729032;-0,467858801932983;0,22383139733262;-0,983292479398518;0,588769106354433;0,813348858363585;-1,00130470821702;-0,138316989463223;-1,22950667197287;-0,892483888032696;-1,2817266872545;-1,5702446884034;-0,426334391074145;-0,964241549216114;0,664044846440411;-1,7641944122486;0,706416261054462;0,092682322391687;-0,705024730809432;-0,565824914683562;1,37002178264064;0,847972424408375;1,15600413007109;0,258849499287026;1,55747701438449;1,17415271127495;0,523007324020245;-0,363011382626458;-0,643326034952875;-1,85605476972731;-0,131541159563779;1,06597029951148;0,726201116293173;1,31584731757589;1,23696121618365;-1,5484070849368;-1,74288270697524;0,364473078713767;1,29500569266762;1,09026447270766;0,704269923611595
0,566776016312564;-0,161554673267347;0,534433685201893;-1,70455648131563;0,727920385119809;-1,20847886144493;1,52852640088833;1,49283511257538;-0,523887577407783;-0,0514871137514444;0,173108975418651;-0,918158706700765;0,376501523117811;-0,751068118702144;1,40925974744382;0,0843686012278048;1,6863490025082;-0,840118368169539;1,13143342320334;-1,62724502307552;1,07808627819109;-1,41080277576224;-1,28825891494212;0,95442288707584;-0,645449658917626;-0,593774764261564;-0,0349283607570817;-0,497744315330252;0,31075617559993;1,70016871506914;-1,57521676505932;0,509393187317616;-0,0884749150391982;0,441061427362556;-1,13706766865951;-0,935102313549022;-1,32051235366277;0,0139060710131669;-1,10920704359223;0,440698815259662;0,688808435563759;-0,168844029000309;1,56524654315382;-0,129908734839857;1,38426598165577;0,041301864512132;-1,59593654675023;0,126154120835865;1,52793150357575;0,044426672820781;-1,75363715280677;-0,744035233285054;-1,7773613514437;0,774883203049857;1,32200972318949;0,0575918731898813;-0,793282677210153;1,3016674102636;0,662549789739542;-0,598291769503549;0,548106111449696;0,10628379733366;-0,737907981909476;-0,502399680339378;-0,396257267577051;1,38537240023858;0,891972820475978;1,6570967078928;-1,53398736892756;0,424375142107923;-0,515105963994344
-0,0381538919805418;-1,33887333705709;-0,948064629281158;-0,359639544284654;-0,432546499664882;-0,971366373356794;0,713394694579934;1,38862215615261;1,15050281631871;-0,659413791544979;1,63772686643528;-0,0904987761698433;-1,34143071663124;1,61292843456909;1,01663574783377;0,531229818119733;0,986812407565456;0,970508693712018;0,679740830875557;1,65558091667318;-0,64337719371523;1,1858235932162;1,31347921923168;1,68747649812632;-1,04836062450016;-1,06083685782844;0,328146067160903;-1,34141307843592;1,78600302336693;0,99857168959114;-1,22809299075577;-0,0495556634103487;-0,56543474104303;-1,06967109774117;0,391084015768429;-0,747742854360804;1,27900563210946;-0,319144849084215;0,260874334433221;-0,372249994188656;0,529654039793767;-1,57914889204313;1,44190556145326;-1,29211793597997;0,848607712027949;-1,20798676836498;-0,739506342112494;-0,100270534416473;0,594401802097156;-0,644173358149853;-1,557070574186;-0,83160057965232;-0,123225088016572;0,716071800752738;-1,23105255167514;0,563051038437729;-0,865324032654297;-0,848512603773016;-0,899561036597433;-0,959991758649381;0,487516083116769;0,466525656202916;1,38964765642014;-1,43635099008537;-1,01960291760215;0,0990004130326934;-1,11334615193975;1,5152689047444;-0,366437698012275;0,17609648538164;1,03925270964474
-0,118884324499986;-0,696570449854389;-0,364913588979899;-0,293288247264136;-0,477500540298349;1,63771724637623;1,14013816258945;-0,571374963279995;-1,22938935765826;1,5745078999898;-0,968999359667574;0,0104807239942161;0,970199782712965;1,09174450237192;1,50169502576992;-1,3126596870647;0,644340082168666;-1,22768890597828;1,719203362713;-1,27012029949975;0,677000557546053;-0,821750189391056;-0,201316149270897;1,05289996794657;-1,32287129082538;-0,990217354076723;1,40427618395348;1,62179777538925;-0,657846777217239;1,79411310072182;-0,29851123149769;-1,12617804521151;-0,978794638366339;0,254981674664596;0,650889615010036;-1,33844991351124;-0,983870014296054;-0,242428861612889;1,32533487083078;0,948149878178084;0,0619946394862441;1,78979378968063;-0,871467506742347;-0,464084190533771;0,211869543797677;-0,787944956749429;-0,853392180718831;-0,44279245516184;-0,449019458461598;0,179156411312797;0,31752199120635;1,46619173806768;-0,0337758306810096;0,21130362644525;-0,899637072219064;-0,681160869532522;1,39054163043864;0,467982374095665;-0,354443690862346;-0,871309920645217;-1,15058567200084;1,40413631822234;-1,29755492048635;-1,13770652735794;0,4889923970639;-1,22684804887966;-0,394751372063036;-0,668808626375222;-0,943171847061703;1,45611820485757;1,55700625825349
-0,778524798471055;-0,971032972532427;-0,909584188616308;0,411769020820802;0,660172901622035;-1,72656991184017;-1,48526854962252;-0,830328269919294;1,31466525500125;1,76555483950023;0,309111142711693;0,56252891906422;0,972532850398648;-0,110491902620259;-0,0781804106637739;0,68326777891008;0,572617180858626;-0,475157970273407;-0,274198690663043;-1,17033415836225;0,276154322501068;-1,65601171702251;0,705041277163831;0,59414921885529;0,400412730093971;1,71385300503168;-1,48133731657781;0,841068057423441;-0,153387467757171;1,47519184167809;1,71146367201869;-1,21614980862787;-0,237236818843238;0,359969639960927;-0,860059761227578;0,63343237368098;-1,12688046934801;1,53274631821478;0,0260904164441777;-1,04312338241375;1,06198659898944;-0,637844780799677;-0,0109156257971162;-1,04720817462806;0,0929276589473988;-0,970413519146676;-0,73695149705302;0,527117630291486;-1,36619667696538;-0,367603785507692;0,685479947368335;1,42285770778976;0,911154499791959;0,821324270486495;-0,510898347914758;-0,90539285313061;0,244448853280175;0,416789695504836;-1,77152348095523;0,866842999566787;1,67529050771407;-0,405813504069522;1,24358230081431;1,7599965162996;-1,72878860420053;-0,257618820342502;-0,983114033774605;-1,17031656124434;-1,03331191307474;1,20891031863168;0,0272684765760294
1,00609747581034;1,4127002240366;-0,74332379924221;-0,121159678125133;-0,614776994104994;0,399165401410103;0,127975659877163;-0,980528844266637;-0,209993893604391;0,746947806434054;0,0772022136068127;0,531153313617059;-1,23483700614559;-0,724904779318877;-1,16892220223279;-0,0281072310890842;0,918879386731557;-0,652994395993152;-1,38448020574233;-1,07998016196868;0,489036376270308;1,50318204556421;1,11187405274802;-0,551874637089187;-0,124067788807556;0,189758425743076;0,28768294767007;-0,820717363897173;-1,11403826209084;-1,4133951157343;-1,04065478680174;-0,0419911600904382;-0,424893984545164;1,50695744568209;1,61324944321418;-1,42147392475626;0,281142692876162;-0,420617746148279;-1,1074495493292;0,810548945620198;-1,18090795323988;0,0803034578348825;0,652251568925634;-1,24839222411685;0,137698471772404;1,12122579109299;1,06721185422829;1,01486133887505;1,64904618227349;1,81179793601788;0,221968167343793;1,62796647580166;-0,800643922759747;0,881633034413285;1,54708583226946;1,35975930445706;-1,12382255258774;1,66539471205791;-1,4217406131939;1,05230845436286;-1,31316627013629;-0,475955700101985;-1,29113930605212;-0,221247501746414;0,362953869359474;-1,30545535017907;-0,468601425714099;-0,884950577616755;-0,481310348322125;-1,17209700135284;1,54759395024569
-0,121861158491024;-1,09918299923864;-0,401277676170489;-1,48957127486142;-1,14967251251484;-0,66136874665283;1,00533958659913;1,261146372212;0,647483103971449;1,05367650743851;1,21962013434855;-0,704657550409874;-1,20828311169287;0,21674236043535;-0,924249382168063;-0,763267896479499;0,579865094025502;1,97830615232101;-1,32110184886812;1,69393225354535;0,494036012415724;-0,495516383881786;-0,362328944061366;0,744124272730724;1,24416370478984;-0,086584681644287;-0,636447013702659;0,243263728340729;-0,00739659239042246;0,154569862944145;0,554684351876202;0,0511492380357735;1,51427032354153;-1,30927091098237;-1,26188047887545;1,2680376077795;1,51194117112275;0,834275176872879;1,22921336956735;0,534051272446458;-0,251551291574212;-1,05096103179699;-0,222675619024784;-1,52050152783876;-0,674917684792725;-1,44977774285008;1,77730919061588;1,53372895131586;-0,303806526162046;1,31648525341897;0,897461668793858;-0,960739636965805;-0,839246400812006;-0,993451795005787;-0,41393405791551;-1,22736718628408;1,2857645134497;0,877216619725767;-0,711116411024278;0,959530737756423;1,99769683567681;-0,838946553416447;-0,332479447072421;-1,10810917064754;-1,10203025611254;-0,432551515362065;-0,196309305324425;-1,50003461238535;-0,122399572364047;-0,169668421320587;-0,252590498975271
