0,193993622673479;0,669874361941078;1,13726260883846;-0,0578523631601173;0,117417112197105;-1,52927960758366;-1,16225995483612;-0,531947474777267;0,317280083087359;0,545519221832849;-0,257976755396481;-0,934673105539268;-1,51222731692936;0,0842854253610066;1,73682193676743;0,5299912111338;-1,48708356750251;-0,0370098586929503;-1,26883833550155;0,290464177375845;1,29898630439827;1,41576189792038;0,503528595235419;1,74704905204627;-1,01455395206288;0,142246840982728;-0,286189374322096;0,584477916220788;0,0176273173885919;1,51814308139972;-1,92921355026953;-1,09864885232653;-0,462377993932816;-0,319566261254845;-0,643681566310294;0,782300155746619;-1,7764122253309;-0,991795430449646;-0,385162593813812;0,0104978497275872;-0,299495006942568;-0,982310427062678;-0,309731009762777;-1,71252111707754;1,73630567099176;-0,712533125734684;0,658392853711327;-0,49910642956291;0,38976938342347;-1,14993687291963;0,0569837048763093;-1,71416615673395;-0,680029842822246;1,1025032391936;1,20815736749007;0,505970824239694;-1,84930637422101;0,86623357571278;-0,394594169509687;-1,51091009747558;1,1877625920634;1,12920060018591;1,55154007072782;0,506019415651534;0,939719756624285;1,71191446881254;1,64073007822618;0,275326905856435;-0,48690172306022;-0,707931029721052;0,43108304633561
1,74069217309396;-1,85989110216591;-0,0710894383409367;-1,11402154589071;-0,0617010301507252;-0,750362665467749;-0,0210653871200204;-1,62699203886496;1,26527595314122;1,46029098451672;-1,43008557336564;-1,00598051850499;-0,266533642922544;-0,501923001492779;1,83943860983214;1,66451560538208;-0,905107099787449;0,716452536654371;0,624695988941016;-0,0425203874557558;-1,12833807248432;1,23476623275618;-0,0165331091021773;0,188937191138261;1,2412079788404;-0,137278621836473;0,796482920304892;-0,0435236563328864;1,25044593902258;-0,56246233063317;-1,84077526064612;-1,36389995923947;-1,05163793613899;-0,215318085243493;-0,149223259509363;-1,22332002201282;0,734931903775301;1,42517927268374;-0,730893300614825;-1,38375601016504;0,0625626007242442;0,181351945175653;0,582914136911209;-0,590930270454354;0,712133059053028;0,528991001623449;-0,684617428705136;-0,492391964290569;0,549686532001475;-1,00092086284789;0,00467848180693471;2,2424635576088;0,207519791741753;0,478394745467107;-0,754614978259171;-0,911998953152271;0,748419000594542;1,62315094158301;-1,03435309221518;-1,57671489363259;0,726060457132726;-1,86280878616477;-1,40141058770512;0,415198177266627;0,795797621137495;1,35615359942382;1,23488702814761;0,498092652804964;0,797694789884401;1,52658278140586;-0,764421438159694
-0,0758004503041019;-0,748969581190259;0,117521846965859;-1,92445400394567;-0,0987937000840276;-0,598536494187489;1,59024008445206;1,12829149704978;-1,06401438649414;1,05868066437624;-0,0774534364862173;0,920068688793614;1,15459979669765;0,680500835435633;-1,41389908924544;0,45397182102939;0,663550507940268;-1,24830383652985;-0,12751480284706;-0,597920661281311;1,59763827879504;0,699200290141613;-1,67905247381531;-0,658631180600056;-0,201524593349291;0,242697928023127;1,42194314136991;0,623152090081001;1,69484956258964;0,79584403317125;0,947913976187665;-0,642246337325965;0,560009928084625;0,803823400976642;1,50364075457546;0,293250297024166;-1,77350890125339;0,00186791073347739;1,15916806931468;1,21533770796927;0,71696102550144;1,64313884144328;1,45653338987871;-0,769465553889299;-1,41957184580262;-0,728688404836499;-1,05092712340931;0,591806629555199;-0,764675308540679;-0,71236036469391;-1,29949739724748;0,571971801578161;-1,46560884648552;0,269193333015164;0,30044558102832;0,632566858874271;-1,31522756072269;-1,13179007383303;-0,167515378944867;1,5783906344858;0,14256254822756;-1,58533066953885;-1,81317802198068;-0,302237633529986;-1,35789214458548;-1,08556842561447;1,58145569385727;-0,635395669564019;0,457052620787503;-0,213997243356247;-0,124191850219131
-1,67394488464588;-0,859914912795605;0,631487504321049;0,903996825533507;1,58971934864979;1,5457217920729;1,33528025304388;-0,513428353200119;-0,582365634789465;-0,302011586734402;-2,17732985205361;-0,404999292472427;-0,129072582088227;0,635902762754192;-1,67108001755695;-1,75974049578361;-0,279645551961207;-1,09310876887563;-1,35586406892737;-0,10442342856787;0,168548353316581;1,51240682003127;0,931062399763348;-0,11451539511893;0,242304427969112;1,42273446214775;-0,484885205737907;-1,8232220231224;1,31843171482631;-0,618832596448888;-1,29899068495552;-0,992637658777269;1,00782749152865;1,12026133357101;1,86314451963456;-1,40181785444205;0,25124858599018;0,934633002517355;0,18000576526722;0,905201430205763;-0,695767640573189;1,56858066294899;-1,39739088775172;0,107142276368959;-0,305278636223786;0,021401268452817;0,458168534964726;0,994717865140428;-1,49397428617464;0,88622065031581;0,602381547159491;1,19300699155864;-0,154426013447372;-1,60689507483499;0,0231450032758059;-1,00001584953851;-0,497049008187822;-0,533348662308439;-1,34363002984755;0,912757822170983;0,00381070825225671;0,714659592748979;-0,930247179604525;1,32193888030873;-0,678373373092368;0,749440263758885;-0,18288137266587;0,267214108683874;0,542736261461159;1,04514705186504;0,178237775483117
-0,271029897146801;0,0572898703902496;-0,95210780603218;-1,48509136417622;1,75389006238301;0,650340344817056;-0,403000516256605;1,67950115646093;0,782609284874916;-0,148020799958131;-0,0343655381890171;-1,66159447385225;-1,60892452619182;0,569740257701288;-1,43718406399934;0,498781304804203;0,923879684640764;-0,88942474640778;1,48219957961692;1,39171019774799;-0,586916007772329;0,462642735374772;1,31000687415565;-0,63784936006124;0,0578168248905672;0,495357114329295;-0,673642614261424;-1,53755917716964;0,193352235850363;-1,48205152591166;0,852166481874364;1,62234816120204;-1,4307700331325;-1,04348212241861;-0,902220525889425;-0,576164824301174;-0,483725457022524;0,868359309156111;0,845122612345187;0,216024764322842;-1,50358137197451;-0,475330738941279;-1,13110189095826;-0,162757363430369;1,72857077202656;1,32493137533958;-1,4484403625703;-0,619489097791352;-0,415674718904106;-1,06261060836304;1,30952023004274;0,0812498546538125;1,02453054515811;-1,15600362069942;-1,14628309847676;0,265733879355772;1,2767686889371;1,38472446790398;0,484773396211532;-0,414373869527147;0,0315335757428885;-1,6502123960244;-0,00915404983806087;0,156005128526163;0,495089508399769;0,329909163260638;1,80420163658364;1,37923202253043;-1,40273319946119;0,292218401589123;-0,669754723369986
1,66644430988281;0,132563080143772;-0,58266841396268;0,903704657281029;1,58208005392988;-0,190118756307513;-0,570995950518524;-0,344100355008327;0,425789452330007;-0,675000328078447;1,6216587505929;0,646292201119462;-0,124162451404552;-0,678265299665556;-0,27966603685106;-1,86801624438683;-2,08469781819305;-1,06027888201821;1,51215553844231;0,345008507548547;-0,485932750183551;-1,73149745728471;-0,332117459947292;-1,34412673366328;1,15825030098965;2,07656097612877;0,018299647677456;1,45130428875887;-0,927966634551661;1,0841106291221;0,382971799188238;-1,5267582550047;0,260831605611428;1,1136331804585;1,70658390377755;1,2352408094172;0,916436101096091;-0,975171804529036;-0,518422918628994;-1,18174395125361;0,156396296932334;-0,225771031559629;-1,22783996944225;-1,77314469224377;-0,180897082000611;-1,25407260815032;-1,53199297262331;-0,336594560218179;-0,206120407221085;0,366784761040911;1,37669483844464;0,116938113563078;0,0546385755843587;-1,08902928585001;1,18726044190935;1,19383599805789;-0,455185291691743;-0,376019459924383;1,66004233415162;-1,4460560640611;-1,79090178239612;-0,124108585375445;-1,07254367925506;0,899943667040472;0,973928020619896;0,96125983422216;-0,295709622243379;0,232576417930966;-0,195507743667852;0,0833984403427402;-0,177546572183842
0,700496249727108;0,652860807916898;-0,287279125084501;1,50197543998015;1,22430447542895;1,20323108357994;-1,28776491510983;-0,207650874216352;0,371799064426178;0,481604368610572;-1,44652459676131;-0,182927158739878;0,435758962480537;0,549579900978366;1,15111882810454;-1,01717261495931;-0,642165004754052;1,16491130793663;-1,62497539528625;0,568871527995112;-1,06447687589483;-0,806524538247847;-0,0923950605844103;-1,37613922491908;-1,20593291510862;-0,725524658292021;-1,12925297271131;-0,0049396601464955;-0,333311274738747;0,78451249785022;0,666097032690524;1,46219516888011;1,4575297046119;-1,0409670606789;-1,13775151371404;1,51667465975669;-1,0905157487848;-1,0208059862842;-1,54003131972295;0,702801001787658;-1,41605368569977;0,637955271662871;-1,66087036234674;-0,496284404978438;0,836254081092114;0,807405943861919;-0,561407725391924;1,60302591096024;1,13653632015266;0,0435705984659172;1,01152640971921;-0,717202647691173;-0,12393488475413;1,2229693961241;-1,25102588382006;-1,25752957898728;-0,700690778750586;-0,630341627119036;1,19142987604231;0,218740147205788;-0,599201122181705;1,37881907001378;1,27863282190133;0,482527809623897;0,830973137865012;-1,88230443078823;1,03438309556916;0,1972701660671;1,0219821744436;1,21097487500377;-1,50113282207084
-1,08079482529178;1,6488342811121;-1,11943822170521;0,12824617302987;0,484283771142801;-0,640705620458735;-1,74370655196838;-0,974641241962287;-0,493720698402328;-1,48708564238123;-0,254765672629309;-0,0297419428405925;1,76724225090048;1,50471928849487;-0,298431608447694;0,343743952037598;1,32530883144972;-1,78675656073087;1,85840681547987;0,604753335474258;0,434915751119781;-0,497415445302788;0,532085742579055;-0,450510500428599;-0,602502665467918;0,91867443109625;0,121918865623138;-0,439357749819841;0,599768203565338;2,1420769674869;1,38930745560567;-0,511438487667741;1,70303204345064;0,167022914078689;1,35705265817967;0,172226748425546;-1,2153700611106;0,420011078468663;0,641310887628855;-1,94713909758881;-0,626936759290819;-0,999068792703672;0,41625962253294;-0,0430818313269317;-0,706965787684024;-0,623068889049331;-1,1152702941788;1,17892754122229;0,39820014646499;-0,0559599299040768;-1,3931554592319;0,22815947218491;1,32145645037722;-0,879319770988575;-0,410773464175321;1,55423046036455;-0,972789334369737;1,61479102300214;-0,875233305016144;1,04260731537752;0,453993061990523;1,15352639349219;-0,0223267118869787;-0,540537100405196;-1,07994039478568;-1,53934893755138;0,943789794511619;-0,410512656807405;-0,608924648258495;1,24963364226648;-0,176842316087129
0,122352842541574;-0,00966793859655131;0,862949177310977;-0,249459982460767;-0,176634393869876;-0,0890805331922141;-0,736429015566496;-2,23390646833898;1,06262264295707;1,51044208510404;1,21482193013059;1,06694975752336;-0,596029225618251;1,07205461194399;-0,0863353256642915;1,00932124530232;-0,514387173721551;-0,62883141708473;-0,565316168556799;-0,896263200349959;-0,651465839652511;-0,235263345165035;2,18290309235233;-0,979543219079561;-0,204683438907742;0,100946666495659;-0,417573299104737;-0,371265279916936;-1,6131816500646;1,12144613188916;-0,671799530971184;0,3547175140525;1,03814125692258;-1,33324772923759;0,115571354517163;0,282604329604921;0,846674131743638;1,7204789648736;1,75321310312321;-0,790889124655111;1,42275651904909;0,511428582385028;-0,632844810025936;1,31237436815695;1,3143619029789;-0,568590760635333;-1,25234449301771;-0,701491769052948;1,39680041506291;0,781783785178364;-1,22725483781854;-0,293892758659111;-0,528365393280466;0,594258004518206;-1,38856310739372;1,65415994342181;0,266375511989357;0,513638004934143;1,32036731674362;1,85947731911379;-1,33937509907438;-1,29851478943845;1,35718881670896;0,0625443072259311;-0,778991030172057;-0,631043968425105;-0,637410954769937;-1,4727344892335;-1,38252371411649;-1,3613811564131;1,19233689917624
0,543511499997753;-0,367773055512987;1,29824958656183;-0,167483990511028;-0,324125257538165;-0,552683000679093;-1,3837969342332;-0,504897269051306;-0,0264508357170314;-0,198140121790998;-1,53603926611743;-0,736904074841265;0,514284005092956;0,191155053482694;-0,371633799804672;-0,0907443870208492;-0,887422085148801;1,94521806857189;-1,07839503635959;0,885917524524101;-1,05253106025904;-0,898304891107353;1,4764793512484;1,67751609144343;1,38307916775263;1,34037237498584;1,4649147770997;0,145851941633655;0,962639373915193;-1,49973864923499;-0,920826712688866;-0,717611748803393;1,54145240285769;0,417288267310048;0,458429823968646;1,72624410294748;-0,326777406401672;-1,33418260012897;1,45039890956265;0,555409197036665;-0,357875542226929;-0,292570945695381;-0,799492028794771;-0,0850335635031738;-0,904918237491976;1,38429235786604;-0,463965716202118;0,540486270898185;1,63722553485739;1,26402499881404;1,50626272397106;-0,773341438874871;-1,84304098997414;-0,658688181854928;0,337183669877161;-0,242387094728221;-0,20354759589852;-1,31364733176721;0,0738917673312561;0,598528284308856;-0,0396901281045581;-0,093802995775347;0,561531114573925;-0,069492133084013;-1,62375473044743;1,25157877421132;-0,294915148549761;1,90314988707108;-1,82319132500259;-0,716755239138659;-1,18282480889504
-1,48776856127825;-1,26378751327687;-0,468281400572387;-0,0455459727702181;0,751760881580731;1,23657461050443;-0,00221768611857933;0,792621140208062;-1,8330150689814;0,338905661094335;-1,29134383155056;0,448337426340117;1,04534840032831;-1,10553774505736;-1,39131287485651;-0,980080342093254;0,341242323979379;1,53208296246275;-1,63479111155124;0,252864621364243;-1,01028220085952;0,195799698393608;-0,679614069999196;-1,38475813339396;0,937983259041104;0,287064316322005;0,518874823950224;-0,651289548114149;-0,549998136502253;-0,541262977015934;-0,627991107067154;0,405579997429737;0,567651902919456;0,689361468707067;0,278202266606009;1,29111632506547;-0,182440458822488;0,633079994607431;1,36340067462984;-0,356503795571212;1,03193737063423;-0,885235784089066;-0,358491962992804;1,33121825942682;-1,54259481377999;1,44534003160004;0,985182815973678;-0,947661516306913;1,14279001999043;0,295092243249692;0,0860338309417707;1,72717895854198;1,18812379118933;0,675419185376146;1,54210785046078;0,201667374792198;1,40526698189222;-1,43971151877802;0,775438072797736;-1,36688859803676;-1,31919712323798;-1,47591142369747;-0,326228073394381;0,53174581496461;-1,16464684326333;-0,173245960583064;1,44790048929213;-1,99687196447932;0,0829030422564003;-0,83210836972223;0,581758510436616
-2,14851970500955;-1,97910724477956;0,662139439268274;0,443893905389564;0,908181049285303;-1,54420785520271;-0,937686133305125;-1,99060329229796;0,946152464683298;0,184106319357971;-0,354595429653685;-0,363031228463188;0,760680822824926;1,06536668960215;-0,590299969090062;0,644544833815033;1,44074151502907;0,618466727445541;-1,9705710949031;0,968836429630231;-0,61426916359518;1,00238458945661;0,190560481365506;-0,885083013181198;0,513412283251567;1,25198660874161;0,717055891918799;0,386503502698993;0,36457285610926;1,30220322406386;0,760856908169086;0,326761173039687;-0,0402380924987732;1,14042519537871;0,188210386819143;1,36891581526564;-1,40795399030246;1,25807551690518;-1,75805335611147;-0,464312035945719;-0,363372024508851;-1,24270980900092;0,962604141503651;-0,317860683788709;0,61337849257565;0,204130912160883;-0,18234895408747;0,536665405559235;0,42673769024514;0,32053916277374;1,50989920990177;-1,40623511023023;-0,408527849451996;-0,729068911279252;-0,966804096523864;-1,85673142314606;-1,10972192007424;-0,538278527740173;-1,9452544190026;1,26102628051362;-0,351469198392007;0,435083241850738;-0,846346261336499;0,828054396221687;0,707734609112266;0,602595600421855;0,83121316283666;1,49089509407586;-1,16497967080187;-0,336771747468584;0,0969875655105354
-1,57401990446169;1,64611403529043;-0,0310412103777026;-0,339323171287006;-1,15421307694781;0,677115992471884;-1,65333750677385;-0,355734549273281;-2,11852694419126;-0,616130754701017;1,47858172945504;1,32397478125398;1,76108483638552;-1,55211504584913;0,706248107808622;-0,720519813819555;-1,24238421076723;0,230576833982248;0,12406503531804;0,0204227182648359;0,380826281312376;1,42284286676671;-1,45065296364752;-1,27223185532877;1,13471263680754;0,0130528066117315;-1,54606036026268;0,996952749305844;1,52085603038243;0,730656317227225;-1,11901151228123;0,231261006884022;0,136511544243317;-1,72669283447484;1,05916117968656;0,0511132961894596;1,1217182607326;2,11390126355853;-0,564439077506185;-1,10516030228977;-1,32414900364591;1,24194302046117;1,07699275894144;-0,227718896568258;-6,99099694642502E-05;0,960440577997689;-0,775470515069323;1,0969589369144;-1,3139471869218;-0,439446391803068;0,966040399161845;-0,199748110382539;1,164796576611;1,22617388712156;1,10673285711331;-0,963057312269138;0,703021961790053;-0,43217914667297;-0,365517372113912;-0,171211308820621;0,503145455577111;0,232044821816278;0,418607624107048;-0,286850276361382;0,916912652881624;-0,752548981141767;0,472421515384579;0,549190858114117;-1,45494300332711;-0,602639301814064;-0,759096777326271
-1,11557278830425;-0,686646197667395;-0,628749590707547;-0,351979422206458;1,19390969771623;1,7645979177956;0,383227002828106;0,341510448312082;-1,7375361671061;-0,319545884943378;-0,904455792400337;-0,272923055769894;0,813481074866898;-1,58710791304128;-1,74422465791454;1,10811654834638;0,0461236507914907;-0,915250997194385;0,783763672177315;0,273871685965894;-0,115507792833368;0,17162300603122;1,13741201019147;-0,177499696591376;1,51056489460023;-0,165140011861772;0,176206833738565;0,240186325733944;-0,599591552250945;-1,43144043805094;0,271470525337589;0,408657901983785;1,95943410980999;-1,36531439488239;0,0560395236790657;-1,17033252987478;-0,309415784519956;0,235784595537076;-0,934962349193178;-0,909177705938046;-1,40268513151789;2,03684734044673;0,388139562890248;-1,76812065070821;1,0477184155128;-1,4078786074162;-1,44322538298093;0,0541187243809027;0,826464796928093;0,467727350607481;-0,529258003564556;0,74525560221168;-0,078068495952106;0,873546384090917;1,9433527663548;1,39188236528505;0,280826233492299;1,3060705505903;1,00880633461644;-0,470163175765555;-0,398961363060447;1,76191631319046;0,398682119305809;-1,36481850397795;1,59992596888675;-0,0644201401815099;0,196877572697456;-0,937827218856552;0,255645281347297;1,20748050380364;-0,782433448811378
-1,54588618077733;-1,86263957745926;-0,195574226115385;0,131089586044893;0,469557312845049;1,70996826698736;0,993534043673955;0,849429738183258;-0,116846002689889;-0,615152509264268;-1,23807063090827;0,833832634259921;1,00066354008705;1,26982406455208;0,766411395603442;-0,898697322666946;-0,479253336280521;-0,786894782697383;0,391413306719053;0,220489353966555;0,111382648497653;0,305475568614569;1,28467888103198;1,62886229028542;-0,086460088943351;0,295998694467659;-0,152950681996846;-1,3479949134251;-1,63555801445651;0,137252412304242;0,866315105275644;0,816531986760718;1,97566852130778;-1,03876711845466;-1,2094484232168;0,870698982570851;-2,17757816874667;-0,713740720373486;0,0495209556981675;0,999101631235068;1,13810172712555;-1,10767014390362;-0,651161481219719;-1,25481584315251;-0,50351122721235;-1,63327007989734;1,11955756216595;-0,701881367347229;1,28345762415917;-0,664399526213314;-0,314652438855487;-1,56745718628892;1,68395630907126;-0,195179087135104;0,483793135086677;0,533931006512047;-0,981463977854359;-0,263080159753984;-0,600743861892871;1,24140997133592;-0,327705257667535;0,120196134087313;1,08571580286141;1,96101576095207;0,747913219479227;-0,996695306053957;1,59552220774431;-0,66411113739885;0,846623342901137;-1,30375764443774;-0,621148420340696
-1,45340328479977;0,589238063008961;1,14894571769656;0,979811913759268;0,159100186958282;-0,437444066105582;1,10457486018402;0,920566232729836;-1,36844519714731;0,757937003379724;-0,47606759325986;-0,844378471647264;1,82427007787999;-0,92548456210957;0,566758830208153;-1,97997143233607;0,572534176438905;0,583960649409299;0,365312162732306;-0,399804674360492;-0,277063346451393;0,885976691136991;0,0447867212914083;-0,60165211998205;-0,596518922118893;-0,0566715201195924;-0,588147443361518;-0,384740881658836;1,23226955196471;-0,92035566399323;-0,183116471497672;-0,0320958419481034;0,658867030702306;1,23810049273453;-1,4369752700236;-0,725901682324044;-2,25859794383652;0,288903671679157;-1,3769405481488;-1,0517554725282;-0,341173120614151;0,408597624622172;-0,875465458432287;-1,28447595674614;-1,22265544262422;-0,644674600874497;1,05218033212964;0,992851543396614;1,00878835468698;-0,347604251984024;-0,898140518864688;0,571923755267198;-0,742362149158701;0,726204242998886;1,05883681682405;-0,558982441730836;-1,07083249372831;-0,669577643535049;-0,101476830145724;1,52826242057682;1,48867783552308;-0,194003132270337;1,80848183336193;2,23626368646857;-0,520723373672036;1,2049779390831;0,499691645604616;1,51117298038313;-1,67445757651631;-0,711542009782377;1,57942835971037
-1,37423809077279;0,864356827374421;-0,618811435587177;-0,741670293048988;1,87028034426671;0,60210217506882;-0,233591847806287;-0,78061658160826;-1,48555534994867;0,899480139303493;0,361391288697867;0,565523592249312;-0,34384560164941;1,07294310376191;1,05926075408233;-0,158041580107462;1,76090992021523;-0,951252751359133;-1,25828333080377;-1,16319703317421;-0,0134002455185385;-0,879050051181643;-1,46427298384572;-0,393654751852888;-1,49301686341608;0,0555428402974819;-1,14065969340949;2,06614785857881;-1,00889640376043;0,0524186369586177;1,3450672996372;0,780164925656502;0,63159842013594;-0,420831396709852;-0,374586223613104;-0,780418556396196;0,61621816636509;1,25472739697398;1,77120466612224;0,379359230796426;1,59863502550431;-0,685341304885036;-0,818320397185701;-0,231993410230655;-0,909687701367807;1,05000147390819;0,258142345718937;-1,2841532730548;0,50784028405227;-0,262465458299114;1,009490670721;1,58505443147422;-1,43380842208728;-0,460047139455074;-0,621632949715466;1,9574305698087;-0,30610062122713;-0,339381250171068;1,70054879596908;-0,583349014307035;-0,75613276119184;-0,100035262873411;-2,02087368228069;-0,45541184730661;0,667962081524493;-1,42058592829328;1,87602407231098;-0,905706655386593;0,348490447607126;0,436579720561785;0,998611071987016
-1,34253430321126;-0,768729917120009;0,0645051533308999;-0,507236636364514;-0,335392537641542;0,879309833375621;1,11664998905839;1,46542747758602;-0,156707750674253;-0,820432244258513;-1,09270797157254;-0,192066216959616;0,132484980590921;1,40873902238938;-1,55960097738023;0,718670568899878;-0,528656582762858;-2,17629431198643;-0,533222927047518;1,12613437079587;-0,0424095070666676;1,1559436291388;0,26299747627287;-0,98873728532522;-1,14468977831092;-1,44314258214046;1,66620900581872;-0,110030019563665;-0,622189867680649;1,39141284692157;-0,77665111773353;-0,277375783789104;1,17250101361008;1,87333569685448;0,6643451417496;0,360269189373449;0,81926254425481;1,63310412066656;1,9950495130751;-0,839172970011513;-0,233872882041047;-0,459084685795437;0,777750479643693;1,51597535052454;-0,674789248482434;-1,37619886683347;-0,197661603991846;0,246771894956347;1,28824728712516;-0,137050740478826;1,27509625215348;-1,0703544489086;-0,65800498649685;0,330340123605335;-0,566559086802098;-0,824582870432787;0,200015670568459;-0,177571555318576;-1,43325227849447;-0,126562570292846;1,34005182795002;-0,676536273023315;0,14393364354148;-0,488513440984191;-2,33316003150638;1,15867554189612;-0,155248687181129;1,59322813477343;-0,740301955369829;0,261082582649915;1,79291817221608
-0,327508214874628;-1,2252715531928;1,79015040158391;0,201266712092428;-1,1340498733696;-1,09535648532335;1,11585203614871;2,25485228067137;-0,754522866119648;0,9572336599663;-1,03051173129601;0,588486431930405;1,19526585728178;-1,47646221554643;-1,85617462678444;-1,58427872884738;-0,818205887256549;-0,0190763663587617;-0,930624324151374;2,41402964976867;-0,982312028845818;1,17588615633661;0,665199630584804;0,296549196760026;-1,32251902538301;0,418378614399473;-0,741180090080799;1,3894523052057;-0,258470346134366;0,359116458096028;0,914724995200724;-0,0532126892164206;-0,353435203301959;0,224866240585282;0,00162161448723092;-1,43525871768779;-0,266240434426337;-1,29201669572778;-0,949512874800971;-0,643377858749477;1,12959504868646;-0,241572948845566;1,1324984781504;0,208635122703844;0,357534150157015;0,469976726044366;1,64566974744116;-0,721679158420709;-1,04007618781875;0,201173448553384;-1,00016736657619;-1,15867675125521;-1,50278693069968;-0,0582719761204355;0,37247203355284;0,433488486488236;0,0728225506216523;-0,016136624111591;-0,112061910255789;0,403216940717281;1,11648768710746;-1,58474602441505;0,0677925332921545;0,346686860330506;-1,52095768959275;1,06805596019168;-0,437061115707329;-0,59984476561271;0,997551944181304;1,53868209413206;1,05434586723606
-1,13637665324827;-0,661538083078535;1,40166812283406;-1,0447026778758;1,40843574605611;1,09773489543592;-1,58687274889359;0,797551312602158;-0,280847863054396;0,346486452298646;1,74279146112732;0,849866708948208;1,29954664344755;-0,733696454988864;-0,502568707182586;-0,269535033646332;1,02441829116722;0,83417825249294;0,912069242365429;-0,011247906460129;1,78237256878811;0,871819203643717;0,556889505743955;-0,570737727762043;0,643780051288817;1,01102821180035;-0,726290595357555;-0,390940192370164;0,756064030732135;-1,10148526214151;0,132956024235561;-0,38099392381187;-1,4478894192281;1,46555430007633;-1,77510581458158;1,99168109579156;-1,33107569715847;-0,564301343602804;0,832343221487845;0,392976943011465;-0,447573776116289;-0,383727468830213;1,66123346865242;1,73106648061847;1,40320845901813;-0,583011916234698;-0,378193654421111;-1,28616866696402;0,272713067012655;-0,124622802429;0,394457174606808;0,0952937678442464;1,32864559026468;-0,75248405365312;1,2743705139432;-0,830666027284116;0,502179199655005;0,308182727530277;-0,0790916806435102;-1,0117130948263;0,16047103487845;0,509354627222623;-1,73831242649265;-1,38733161111529;-2,20269988059961;0,102733104783669;0,111534708541009;-1,47150417804469;-0,883809560563315;-0,0652423994064291;-0,804123300082359
0,462431874131212;-1,6384910131172;-0,757566443019154;-0,71106551745285;-0,531808024624078;1,40841111775234;0,914057009914439;0,556567980608297;0,623751632364225;-0,258858991426789;-1,37564534503357;0,192459788742095;-0,812551837633041;0,893541262668942;-0,959379943934176;0,00316651033656544;1,17174875502285;0,990748723219243;0,433024818370579;-0,0335702086529695;-0,635088288384355;-0,270315078032798;0,410816563608949;-1,65485089444164;0,478845738382295;-0,255726024261768;1,20170541813599;0,972830282396292;-0,899283857109591;0,158825304637625;-0,239639985745625;-1,51613168333719;-0,538662783144139;-0,947686735361902;1,11522013777697;-1,17478355540143;0,333098926533655;-1,66527510700204;-0,811052814879332;-0,497202741763702;1,04973575328425;1,43342601696245;-1,8118378472092;0,576614910883751;0,26233123625269;1,67506146764502;0,818680573475766;-0,224851317036682;0,800779603903069;1,26731851032876;0,763835335501513;-1,48002907293807;-0,203033969400704;-1,83118664379986;0,888170171443239;1,56240543197206;0,33743861720781;-1,5066828510762;0,59244744437358;-1,75238903372497;1,18719689021901;1,32323119435874;-0,847230743942026;0,62352737166161;-1,69962101079948;1,39284415462996;-0,724186256795236;-1,02766567486841;1,85618609917416;-1,72341032342406;1,15460576809845
1,18260798009841;0,0740945999740066;-0,621699253135777;-0,783904116810686;-0,383395200650619;1,35096658880425;0,0145047654191508;1,3737621956349;0,6859344639543;-0,831920602542147;0,605959222939824;-2,49775825924811;0,900360115720768;1,9375725534664;-1,19163165997474;0,54896017767654;-0,773418685430783;-0,750470536380449;1,36805149457349;0,396917192469003;0,425092797918415;-0,238504035249846;-1,23216240781557;-0,0130417625068531;-1,86217356368606;1,11655012386725;-0,738596114527545;0,51906900051596;0,0981871826624895;0,59459419655938;0,526277976077201;-1,09448544747006;0,810817342064398;1,34278780201728;1,87700981017007;-0,00721098219329226;0,828475417039147;0,447637510156843;-1,46209541805428;-1,41925514433643;0,531495839772228;-0,225939475743892;1,53661386442067;-0,291738471988389;0,0162668119684684;1,12767208119474;0,227639557173275;0,942825131923995;0,745907666063997;-1,36296787833818;-2,15436819089373;-0,0283353099549824;2,18366323303666;-1,37515352201069;-1,48884423665162;0,0834613411128914;-1,2197899129877;0,339615504278202;-0,448491469073493;0,712150861442232;-0,215847197011213;-0,676915796874427;-0,637105939488194;-1,76525802958302;1,16713041814664;-1,01522227369953;-0,509603627377313;0,433143758504142;-1,16690904220337;0,274039872570395;0,821988734104835
1,04639472261646;-1,19553135456644;0,786637083846017;1,01739168942095;-0,550481893821959;-0,0533700731071586;0,939431588029277;-1,87706315467494;-1,04910406429273;-1,06782159741143;-0,166374690297846;1,59508871030602;-0,723082318570843;0,255381442412378;1,50326975955217;-0,548844441107861;-0,520611218645;0,977530690122911;-0,0703173322419764;-0,67686535941889;-1,09234240559093;-1,40642167116926;-0,168565819087824;1,0969329067009;0,501188920881119;-0,795892527321851;1,5784108788914;0,936774200555956;-0,642778310746323;-0,164870433785324;-1,23338760344991;0,627804825008708;-1,33642619932388;0,0773312648106794;-0,859256409517858;0,473477428467129;-0,742401423337698;0,0567263830934123;1,44403520299222;-1,63444113125171;0,346116942709285;0,713179835502283;-0,660935831254724;0,6320523643252;1,22895299795494;-1,12615071587634;1,46563406527819;-0,482980490564455;0,940823151277756;1,1668860071714;-1,57750904834269;1,64272851840939;0,262297924543561;-0,756493482494648;0,868394653128719;0,475977977483304;0,692195307894676;-1,63250805975472;-1,2255520229081;1,69489911851042;0,135316321148347;0,896832527817482;0,93989676702257;1,63376305294902;-1,27824080143327;1,1714517967773;1,09845176873695;0,90983230669235;-0,541435662902692;-1,14119902216149;-1,33319823016852
0,894085201404299;1,22195105650384;-0,413568941786101;1,06794918655636;-1,39409747625552;1,70820504761924;0,0831662542783048;1,73647210801683;-0,300661184513121;-0,178140005103895;0,0361195831239208;-1,62645999164611;-0,670293835548894;-0,516664056508519;-0,815002905035086;-1,41566173218554;1,00461748356271;1,05885295582853;-0,0243661248067568;-1,7510297298207;-0,975870760351891;0,46994050870061;0,963946805817806;0,460790749754484;-0,241332223384812;0,946682437420406;-1,13456335260708;-0,190959992169465;-1,40684530784164;-0,139209130361469;1,31705258241224;-1,69560140706023;0,585392191483087;1,07995873160363;-0,452771368216416;-1,6550372698988;-1,6373364096591;0,490787790343847;-0,72737350309249;1,09955165855675;0,889297195136764;-0,872776891915891;0,153640292151383;-0,59643415147462;1,4373687262617;1,10470060685591;0,384628879590877;-0,037085631325596;1,22384974142721;0,565719109759116;1,02241008309326;1,25710009433202;0,651913236742925;-1,58877034836813;1,3256678711835;-0,872754959234491;1,14037399396709;1,41174219946276;-1,21543542825831;-0,488550805691405;0,578233899931313;-0,602472301706805;1,17654961985392;-1,79229671075536;-0,285966218703604;0,136900413671947;-0,510554301682147;-0,572842136054728;-1,76287589664082;-1,30898846216412;1,09537539317131
0,468583225578424;0,0340454761089305;1,14042947792179;-0,672598068960932;-1,09434942185052;2,00678466201349;0,775775175438402;0,337952233486603;1,13453684878635;-0,695743304225382;-0,0616841224538226;-0,0774275779278672;-0,687345301570196;-0,0157611159883916;-1,92061797166293;-1,1943759690065;0,119128969724621;1,56229060748118;-1,5135153160195;-0,290192699073334;-1,13617659032381;-1,41590664449114;1,80239407001729;-1,90829783467607;-0,459963835433153;0,221822717696414;0,141222666274906;1,29712939915281;-0,332802082956418;0,0228545349385039;-0,621905618201024;0,319081711513251;0,666850431364277;1,67718315007762;-0,383055604670382;-0,524255336269408;1,56072996834693;1,15791228662189;0,859379788527959;-0,0291661605378749;-0,165312317575062;-0,733191519022182;0,0736608112004531;-0,477702923119425;-1,63054742749347;0,863849310906141;0,559215273243809;-0,553361595371594;0,100370904395674;-1,58968287019149;0,973351332365228;0,32179145434716;1,78039865734401;1,53559017711681;1,14795662261216;-0,83221740812794;0,940334325823081;1,31864647449154;1,92642203970765;0,519900137373394;-0,729258559491722;-0,1913673156374;-1,60989659982057;-0,644532028008221;-0,927694067493429;-1,79600792781365;1,29441079676254;-0,293128729157557;-0,957689898774951;-0,346839352368643;-0,122139841540284
0,182845698019962;-1,55774374318656;1,07097607217496;1,20150349141591;1,85654923620947;0,906513531588075;0,48584374777076;0,980521649934503;0,674358466909301;0,556438203538554;-0,343162046429854;0,0797946455144336;-0,484799331663052;0,914099019279718;0,520489471113168;0,840056752414051;2,02319087329657;-0,946763071868613;-1,18920203315048;0,667186838773515;-1,24875380638928;-1,50141394154486;-1,21795082604056;-0,793772308779349;1,04507089084301;-1,04167440454084;-0,390769026152015;-1,13516708760781;1,97540730130416;-1,01338866996847;-0,386794356241169;-1,23469221622474;1,73160392884675;0,996679222981492;-1,48248772273604;0,397720252535246;-0,781927655314272;1,53242196676528;0,8996184353788;-0,971829849956161;0,96868593344225;0,677572606643395;-0,761727414922978;1,29134943580001;-0,842411166504783;-1,25268188627725;1,29223390764859;0,279232399150799;-0,254963061102902;-0,51760751020977;1,89948092746918;1,58954455161129;-0,857126014705189;0,21879156648369;0,10435844458437;0,123536260737275;0,763594849089057;0,0986701221403237;-0,86414724142715;0,72562762348253;-0,102802830775491;0,554512942588322;-2,23115238622976;0,960371993544261;-0,369011861193192;-1,1180363104277;-0,103088688397334;0,21568844210928;1,43145838936367;-0,849964603685451;-0,801626609100011
1,01300029772475;0,322917348044477;1,23690857802402;1,03075860689346;-0,337572967127461;1,25169295929403;-0,553695564474434;-2,11866445155184;-0,134424536440957;0,30006746204623;0,960463576173259;0,221565179401019;-0,093593315372765;-1,28284777053186;-0,908463580729805;-1,87351383606247;-0,589007114106682;-0,974035311500134;-0,3791783054434;0,476877244577441;0,986777835511276;0,475612660300597;-1,40842051370711;1,25928608008203;-0,332404038279799;0,887604817195575;0,340027360580244;-0,189562814001218;1,62444001931458;0,230953650906651;0,786283142710325;0,94278279781164;-0,00828902480150992;-0,945868682982594;1,25747512756291;-0,589770900875038;-0,830408322689693;1,21422788134113;-1,61659662929134;0,690094840903534;-0,0599436974835618;-0,0639622704631381;0,963284457180783;1,51761715537062;1,17275151637907;-1,69867141662912;0,506279927632717;0,0113418937400931;-1,44178727139905;-1,71722843011838;-0,792514097259021;0,236983106612927;-0,804898963771445;-0,51774959711407;0,406344896878243;-1,13141447987627;-0,175496399117261;1,03974785408196;0,161711643455565;-0,0823188710334834;-0,43563729401094;1,46257637647384;-1,54932861960489;2,09049930494774;1,66323743276153;0,989823443434046;-1,12003017946767;-0,917243367614177;-1,11105577805455;-1,87354075018636;0,837626744777353
-7,75809525522707E-05;-0,995164528325363;0,655724929259014;-1,29974545086196;-1,09111216025596;1,43647690090002;-0,395554566343585;-1,81394493777545;-1,14564089181557;-0,532497422709239;-1,52558504887111;-0,195964889692929;1,98028901477744;-0,682911462898316;-1,13246592960439;0,53368574832667;-1,86039629459801;1,38423537390002;1,03382586204637;1,03158312818133;0,0764422663277831;-0,683745600408594;0,91089603285038;-0,471664159642607;1,18569664073119;0,334848212268796;0,676913465558369;1,98895688489804;2,13332896348771;1,37756935616939;-0,41197120820063;-0,311746565685396;-1,33079096181819;-0,907682883234516;0,799467019117481;-0,0370471276991526;0,360086790574173;-1,27150065450887;-0,386883888176356;-0,264349111628321;-0,0637838943785437;1,28528775736118;-0,118193257237858;-0,109733347499734;-1,02517779065419;0,728530545745909;-1,68421002954458;0,665072857982902;1,07943380494752;-0,0289578435279145;-1,84039704484669;0,50164663620922;-0,197399948611788;0,344529789513746;-0,0320960906325033;-0,981754874009676;1,1514043120139;-0,643968146490168;-0,0440327676449126;0,570419094460497;-0,72282668140019;-1,22178667701636;-1,23846299992918;0,364271014805896;2,03129137994671;0,456619108545077;-0,704107759696506;0,695335251144043;-0,358633770667251;1,09105827484867;-1,34250862780652
1,26435147837659;-0,324108172375218;0,0204002886716257;-0,259915087506399;0,053535999340044;-1,89379425101278;-0,58181133650253;-1,91545251471762;-1,39833915228105;-0,700978167782463;-1,61618301502627;-1,17927176402152;0,444641922222039;1,11495897999711;0,817480179339658;1,4782239741512;1,04519903205914;1,45203580366362;1,09873778409093;0,985110112741122;-0,811023606032762;0,646583771751661;0,786317349088191;-1,68028729002733;-1,79512551619271;1,3150199341862;1,1043685261646;0,429787005983397;0,488311491597103;0,0438816802455191;0,457459585137286;-0,657237306430428;1,64957591524359;-0,698761226113078;-1,45289407147436;-1,05675214522029;2,07528977427496;1,02434714364553;1,64647719081345;-1,03199363009739;0,244696118743652;-1,23935531995755;-0,477220490119735;-0,406621974866119;-1,38284600861723;-1,77154404999701;-0,435892625540699;0,282758796136637;-1,24462683033708;0,643800727463991;-0,605335008672764;0,480818466055449;0,526297621240051;-0,725752588448075;1,59895243025496;-1,34287332672216;0,781730753540201;0,253096831186245;-0,794805600625627;0,299120686178792;-1,15683600325824;0,597404206025498;-0,32743329221674;0,743946888045495;0,852881862163913;0,959539800404595;-0,502721651621442;0,22238335511819;0,273157860527061;0,612686876253323;-1,63057773003545
1,46373875154742;1,71752664566602;0,447729305152781;-0,898463065628513;-0,526087391181079;-0,569605216839752;0,221563264450165;0,967624298444466;-1,19725537969097;0,0120800003242422;-1,42277414336911;-0,499966342778676;1,6105964334107;-1,44839830497521;1,14023566468258;-0,963091713210199;1,04059605150699;-0,0533781265663194;-1,05287618654485;0,482068473344928;-0,500479842967369;0,32814751218335;0,411382283497585;1,75282992143564;0,991153359108522;1,36203639238269;1,14986410274887;0,686842181659868;-1,05305072295162;1,5161599146449;1,52729645971133;-0,666449601500698;-0,15627079337602;0,885741138396398;0,0576747862262387;0,89728234014269;-0,0914735487994359;-2,37013705980686;0,86482568959335;1,16706669011545;-0,0605449884321181;0,125744101483655;-1,6518736424451;-1,25897913408516;-1,30540387094471;-1,18708031635566;0,174155896521136;0,625557269126926;-1,01586961954461;-0,234456566771758;-0,327516837216387;-1,36299463552006;0,576849875506041;-0,617495653071759;0,275707934414798;-1,01745677135064;0,493292453685425;0,37510772200614;0,0643556480820462;-0,845906305571582;0,792300217405299;1,41932799005106;0,305572214418647;-0,612843843776607;0,901576235300995;-2,55542824103435;-0,825928142060549;-1,01494936178323;0,531945697751218;-1,87445076208192;-0,921020922191763
0,845607327162852;0,639319133681285;-0,775074648497457;-1,45906055434293;0,678261824705233;0,538905651057007;-1,1463420663382;1,46392318780339;0,01943487323009;-1,37107116161117;-1,2751269896077;0,0154666251440697;1,38558653023602;-0,0594184021604792;1,16246696055836;-0,254943737715176;-1,94158572480294;-1,0212423559346;-0,979834441776748;-0,598141511369372;0,525241859812015;0,907393631278326;0,0355412138312218;-1,58312421320912;0,165642478346811;-1,50762385955343;0,926839359772523;0,692167694146568;-1,37346564413315;-1,77384996776326;-0,7538882565343;1,37217024468588;2,04010017853112;-0,848893124448775;0,947098513617792;0,182143693777628;-0,854337800845407;-0,400172908818497;0,750549899855296;-0,153287425633784;-0,454107308103389;1,14790273219662;0,756712183119194;-1,55999306817896;-0,216574173327141;-0,715055571156566;0,198423910354078;1,49109734634623;1,21859791580789;-0,214854098715608;-1,88305132745081;1,54509673431066;-0,414127369962007;0,826542933173494;0,334326423092019;-1,63718810168487;-1,33421333417996;-1,33883424274459;0,17800553045086;0,147337938932572;1,41195878858881;1,09254142394255;1,18273135754091;-0,655579890921742;0,849691298002152;-0,843697314437994;-0,122656325660343;0,195149777939541;0,801657998992475;-0,948666879328028;-1,26855127278001
